<?xml version="1.0" encoding="UTF-8"?>
<project-private xmlns="http://www.netbeans.org/ns/project-private/1">
    <editor-bookmarks xmlns="http://www.netbeans.org/ns/editor-bookmarks/2" lastBookmarkId="0"/>
    <open-files xmlns="http://www.netbeans.org/ns/projectui-open-files/2">
        <group>
            <file>file:/C:/Users/User/Desktop/Mini%20Project/Covid-Centers-Managment-System-master/src/icons8-virus-48.png</file>
            <file>file:/C:/Users/User/Desktop/Mini%20Project/Covid-Centers-Managment-System-master/src/icons8-create-80.png</file>
            <file>file:/C:/Users/User/Desktop/Mini%20Project/Covid-Centers-Managment-System-master/src/icons8-protection-mask-100.png</file>
            <file>file:/C:/Users/User/Desktop/Mini%20Project/Covid-Centers-Managment-System-master/src/icons8-add-user-male-50.png</file>
            <file>file:/C:/Users/User/Desktop/Mini%20Project/Covid-Centers-Managment-System-master/src/exit.png</file>
            <file>file:/C:/Users/User/Desktop/Mini%20Project/Covid-Centers-Managment-System-master/src/DeleteA.java</file>
            <file>file:/C:/Users/User/Desktop/Mini%20Project/Covid-Centers-Managment-System-master/src/Login.java</file>
            <file>file:/C:/Users/User/Desktop/Mini%20Project/Covid-Centers-Managment-System-master/src/Patient.java</file>
            <file>file:/C:/Users/User/Desktop/Mini%20Project/Covid-Centers-Managment-System-master/src/Test.java</file>
            <file>file:/C:/Users/User/Desktop/Mini%20Project/Covid-Centers-Managment-System-master/src/login.png</file>
            <file>file:/C:/Users/User/Desktop/Mini%20Project/Covid-Centers-Managment-System-master/src/ViewDoc.java</file>
            <file>file:/C:/Users/User/Desktop/Mini%20Project/Covid-Centers-Managment-System-master/src/icons8-prescription-32.png</file>
            <file>file:/C:/Users/User/Desktop/Mini%20Project/Covid-Centers-Managment-System-master/src/Doctor.java</file>
            <file>file:/C:/Users/User/Desktop/Mini%20Project/Covid-Centers-Managment-System-master/src/ViewPrescription.java</file>
            <file>file:/C:/Users/User/Desktop/Mini%20Project/Covid-Centers-Managment-System-master/src/icons8-create-24%20(1).png</file>
            <file>file:/C:/Users/User/Desktop/Mini%20Project/Covid-Centers-Managment-System-master/src/add%20diag.png</file>
            <file>file:/C:/Users/User/Desktop/Mini%20Project/Covid-Centers-Managment-System-master/src/About.java</file>
            <file>file:/C:/Users/User/Desktop/Mini%20Project/Covid-Centers-Managment-System-master/src/icons8-logout-rounded-left-24.png</file>
            <file>file:/C:/Users/User/Desktop/Mini%20Project/Covid-Centers-Managment-System-master/src/Inventory.java</file>
            <file>file:/C:/Users/User/Desktop/Mini%20Project/Covid-Centers-Managment-System-master/src/icons8-blood-sample-64.png</file>
            <file>file:/C:/Users/User/Desktop/Mini%20Project/Covid-Centers-Managment-System-master/src/Item.java</file>
            <file>file:/C:/Users/User/Desktop/Mini%20Project/Covid-Centers-Managment-System-master/src/icons8-about-24.png</file>
            <file>file:/C:/Users/User/Desktop/Mini%20Project/Covid-Centers-Managment-System-master/src/icons8-gear-50.png</file>
            <file>file:/C:/Users/User/Desktop/Mini%20Project/Covid-Centers-Managment-System-master/src/ChangeP.java</file>
            <file>file:/C:/Users/User/Desktop/Mini%20Project/Covid-Centers-Managment-System-master/src/Appoinment.java</file>
            <file>file:/C:/Users/User/Desktop/Mini%20Project/Covid-Centers-Managment-System-master/src/Viewappoinment.java</file>
            <file>file:/C:/Users/User/Desktop/Mini%20Project/Covid-Centers-Managment-System-master/src/User.java</file>
            <file>file:/C:/Users/User/Desktop/Mini%20Project/Covid-Centers-Managment-System-master/src/Icon.png</file>
            <file>file:/C:/Users/User/Desktop/Mini%20Project/Covid-Centers-Managment-System-master/src/rsz_update_details.png</file>
            <file>file:/C:/Users/User/Desktop/Mini%20Project/Covid-Centers-Managment-System-master/src/Set.java</file>
            <file>file:/C:/Users/User/Desktop/Mini%20Project/Covid-Centers-Managment-System-master/src/icons8-view-24.png</file>
            <file>file:/C:/Users/User/Desktop/Mini%20Project/Covid-Centers-Managment-System-master/src/icons8-doctor-male-48.png</file>
            <file>file:/C:/Users/User/Desktop/Mini%20Project/Covid-Centers-Managment-System-master/src/Close.png</file>
        </group>
    </open-files>
</project-private>
